<?xml version='1.0' encoding ='utf-8' ?>
<!DOCTYPE hibernate-configuration PUBLIC
        "-//Hibernate/Hibernate Configuration DTD 3.0//EN"
        "http://www.hibernate.org/dtd/hibernate-configuration-3.0.dtd">
<hibernate-configuration>
    <session-factory>
        <property name="hibernate.connection.driver_class">
            com.mysql.cj.jdbc.Driver
        </property>
        <property name="hibernate.connection.url">
            jdbc:mysql://localhost:3306/workersdb
        </property>

        <property name="hibernate.connection.username">root</property>
        <property name="hibernate.connection.password"></property>

        <property name="hibernate.connection.pool_size">50</property>

        <property name="show_sql">true</property>

        <property name="dialect">
            org.hibernate.dialect.MySQLDialect
        </property>

        <property name="hibernate.hbm2ddl.auto">update</property>

        <mapping class="db.Worker" />

        <mapping resource="db/person.hbm.xml" />

    </session-factory>
</hibernate-configuration>